﻿<?xml version="1.0" encoding="utf-8"?><helpItems xmlns="http://msh" schema="maml">
<command:command xmlns:maml="http://schemas.microsoft.com/maml/2004/10" xmlns:command="http://schemas.microsoft.com/maml/dev/command/2004/10" xmlns:dev="http://schemas.microsoft.com/maml/dev/2004/10">
<!--Generated by PS Help Cmdlet Editor-->
	<command:details>
		<command:name>Get-PSReadlineKeyHandler</command:name>
		<maml:description>
			<maml:para>Gets the key bindings for the PSReadline module.</maml:para>
		</maml:description>
		<maml:copyright>
			<maml:para />
		</maml:copyright>
		<command:verb>Get</command:verb>
		<command:noun>PSReadlineKeyHandler</command:noun>
		<dev:version />
	</command:details>
	<maml:description>
	<!--This is the Description section-->
		<maml:para></maml:para>
	</maml:description>
	<command:syntax>
		<command:syntaxItem>
			<maml:name>Get-PSReadlineKeyHandler</maml:name>
		</command:syntaxItem>
	</command:syntax>
	<command:parameters>	</command:parameters>
	<command:inputTypes>
		<command:inputType>
			<dev:type>
				<maml:name></maml:name>
				<maml:uri/>
				<maml:description>
					<maml:para></maml:para>
				</maml:description>
			</dev:type>
			<maml:description></maml:description>
		</command:inputType>
	</command:inputTypes>
	<command:returnValues>
		<command:returnValue>
			<dev:type>
				<maml:name></maml:name>
				<maml:uri/>
				<maml:description>
					<maml:para></maml:para>
				</maml:description>
			</dev:type>
			<maml:description></maml:description>
	</command:returnValue>
		</command:returnValues>
	<command:terminatingErrors></command:terminatingErrors>
	<command:nonTerminatingErrors></command:nonTerminatingErrors>
	<maml:alertSet>
		<maml:title></maml:title>
		<maml:alert>
			<maml:para></maml:para>
		</maml:alert>
	</maml:alertSet>
	<command:examples>
	</command:examples>
	<maml:relatedLinks>
	</maml:relatedLinks>
</command:command>
<command:command xmlns:maml="http://schemas.microsoft.com/maml/2004/10" xmlns:command="http://schemas.microsoft.com/maml/dev/command/2004/10" xmlns:dev="http://schemas.microsoft.com/maml/dev/2004/10">
<!--Generated by PS Help Cmdlet Editor-->
	<command:details>
		<command:name>Set-PSReadlineKeyHandler</command:name>
		<maml:description>
			<maml:para>Changes key bindings</maml:para>
		</maml:description>
		<maml:copyright>
			<maml:para />
		</maml:copyright>
		<command:verb>Set</command:verb>
		<command:noun>PSReadlineKeyHandler</command:noun>
		<dev:version />
	</command:details>
	<maml:description>
	<!--This is the Description section-->
		<maml:para></maml:para>
	</maml:description>
	<command:syntax>
		<command:syntaxItem>
			<maml:name>Set-PSReadlineKeyHandler</maml:name>
			<command:parameter required="true" variableLength="false" globbing="false" pipelineInput="false" position="0">
				<maml:name>Key</maml:name>
				<maml:description>
					<maml:para>Specifies the key to be bound.</maml:para>
				</maml:description>
				<command:parameterValue required="true" variableLength="false">ConsoleKeyInfo</command:parameterValue>
			</command:parameter>
		</command:syntaxItem>
		<command:syntaxItem>
			<maml:name>Set-PSReadlineKeyHandler</maml:name>
			<command:parameter required="true" variableLength="false" globbing="false" pipelineInput="false" position="1">
				<maml:name>Handler</maml:name>
				<maml:description>
					<maml:para>Specifies a ScriptBlock to be called when the bound key is pressed.</maml:para>
				</maml:description>
				<command:parameterValue required="true" variableLength="false">Action</command:parameterValue>
			</command:parameter>
		</command:syntaxItem>
		<command:syntaxItem>
			<maml:name>Set-PSReadlineKeyHandler</maml:name>
			<command:parameter required="true" variableLength="false" globbing="false" pipelineInput="false" position="named">
				<maml:name>BriefDescription</maml:name>
				<maml:description>
					<maml:para>A brief description of the key binding.  Used in the output of cmdlet Get-PSReadlineKeyHandler.</maml:para>
				</maml:description>
				<command:parameterValue required="true" variableLength="false">String</command:parameterValue>
			</command:parameter>
		</command:syntaxItem>
		<command:syntaxItem>
			<maml:name>Set-PSReadlineKeyHandler</maml:name>
			<command:parameter required="false" variableLength="false" globbing="false" pipelineInput="false" position="named">
				<maml:name>LongDescription</maml:name>
				<maml:description>
					<maml:para>A more verbose description of the key binding.  Used in the output of the cmdlet Get-PSReadlineKeyHandler.</maml:para>
				</maml:description>
				<command:parameterValue required="true" variableLength="false">String</command:parameterValue>
			</command:parameter>
		</command:syntaxItem>
		<command:syntaxItem>
			<maml:name>Set-PSReadlineKeyHandler</maml:name>
			<command:parameter required="false" variableLength="false" globbing="false" pipelineInput="false" position="named">
				<maml:name>CtrlXPrefix</maml:name>
				<maml:description>
					<maml:para></maml:para>
				</maml:description>
				<command:parameterValue required="false" variableLength="false">SwitchParameter</command:parameterValue>
			</command:parameter>
		</command:syntaxItem>
	</command:syntax>
	<command:parameters>
		<command:parameter required="true" variableLength="false" globbing="false" pipelineInput="false" position="0">
			<maml:name>Key</maml:name>
			<maml:description>
				<maml:para>Specifies the key to be bound.</maml:para>
			</maml:description>
			<command:parameterValue required="true" variableLength="false">ConsoleKeyInfo</command:parameterValue>
			<dev:type>
				<maml:name>ConsoleKeyInfo</maml:name>
				<maml:uri/>
			</dev:type>
			<dev:defaultValue></dev:defaultValue>
		</command:parameter>
		<command:parameter required="true" variableLength="false" globbing="false" pipelineInput="false" position="1">
			<maml:name>Handler</maml:name>
			<maml:description>
				<maml:para>Specifies a ScriptBlock to be called when the bound key is pressed.</maml:para>
			</maml:description>
			<command:parameterValue required="true" variableLength="false">Action</command:parameterValue>
			<dev:type>
				<maml:name>Action</maml:name>
				<maml:uri/>
			</dev:type>
			<dev:defaultValue></dev:defaultValue>
		</command:parameter>
		<command:parameter required="true" variableLength="false" globbing="false" pipelineInput="false" position="named">
			<maml:name>BriefDescription</maml:name>
			<maml:description>
				<maml:para>A brief description of the key binding.  Used in the output of cmdlet Get-PSReadlineKeyHandler.</maml:para>
			</maml:description>
			<command:parameterValue required="true" variableLength="false">String</command:parameterValue>
			<dev:type>
				<maml:name>String</maml:name>
				<maml:uri/>
			</dev:type>
			<dev:defaultValue></dev:defaultValue>
		</command:parameter>
		<command:parameter required="false" variableLength="false" globbing="false" pipelineInput="false" position="named">
			<maml:name>LongDescription</maml:name>
			<maml:description>
				<maml:para>A more verbose description of the key binding.  Used in the output of the cmdlet Get-PSReadlineKeyHandler.</maml:para>
			</maml:description>
			<command:parameterValue required="true" variableLength="false">String</command:parameterValue>
			<dev:type>
				<maml:name>String</maml:name>
				<maml:uri/>
			</dev:type>
			<dev:defaultValue></dev:defaultValue>
		</command:parameter>
		<command:parameter required="false" variableLength="false" globbing="false" pipelineInput="false" position="named">
			<maml:name>CtrlXPrefix</maml:name>
			<maml:description>
				<maml:para></maml:para>
			</maml:description>
			<command:parameterValue required="false" variableLength="false">SwitchParameter</command:parameterValue>
			<dev:type>
				<maml:name>SwitchParameter</maml:name>
				<maml:uri/>
			</dev:type>
			<dev:defaultValue></dev:defaultValue>
		</command:parameter>
	</command:parameters>
	<command:inputTypes>
		<command:inputType>
			<dev:type>
				<maml:name></maml:name>
				<maml:uri/>
				<maml:description>
					<maml:para></maml:para>
				</maml:description>
			</dev:type>
			<maml:description></maml:description>
		</command:inputType>
	</command:inputTypes>
	<command:returnValues>
		<command:returnValue>
			<dev:type>
				<maml:name></maml:name>
				<maml:uri/>
				<maml:description>
					<maml:para></maml:para>
				</maml:description>
			</dev:type>
			<maml:description></maml:description>
	</command:returnValue>
		</command:returnValues>
	<command:terminatingErrors></command:terminatingErrors>
	<command:nonTerminatingErrors></command:nonTerminatingErrors>
	<maml:alertSet>
		<maml:title></maml:title>
		<maml:alert>
			<maml:para></maml:para>
		</maml:alert>
	</maml:alertSet>
	<command:examples>
		<command:example>
			<maml:title>--------------  Example 1  --------------</maml:title>
			<maml:introduction>
				<maml:para></maml:para>
			</maml:introduction>
			<dev:code>PS C:\&gt; Set-PSReadlineKeyHandler -Key UpArrow -BriefDescription HistorySearchBackward -Handler { 
    [PSConsoleUtilities.PSConsoleReadLine]::HistorySearchBackward()
}
</dev:code>
			<dev:remarks>
				<maml:para>This command binds the up arrow key to the function HistorySearchBackward which will use the currently entered command line as the beginning of the search string when searching through history.</maml:para>
			</dev:remarks>
			<command:commandLines>
				<command:commandLine>
					<command:commandText></command:commandText>
				</command:commandLine>
			</command:commandLines>
		</command:example>
	</command:examples>
	<maml:relatedLinks>
	</maml:relatedLinks>
</command:command>
<command:command xmlns:maml="http://schemas.microsoft.com/maml/2004/10" xmlns:command="http://schemas.microsoft.com/maml/dev/command/2004/10" xmlns:dev="http://schemas.microsoft.com/maml/dev/2004/10">
<!--Generated by PS Help Cmdlet Editor-->
	<command:details>
		<command:name>Set-PSReadlineOption</command:name>
		<maml:description>
			<maml:para>Customizes the behavior of command line editing in PSConsoleReadline.</maml:para>
		</maml:description>
		<maml:copyright>
			<maml:para />
		</maml:copyright>
		<command:verb>Set</command:verb>
		<command:noun>PSReadlineOption</command:noun>
		<dev:version />
	</command:details>
	<maml:description>
	<!--This is the Description section-->
		<maml:para>The Set-PSReadlineOption cmdlet is used to customize the behavior of the PSReadline module when editing the command line.</maml:para>
	</maml:description>
	<command:syntax>
		<command:syntaxItem>
			<maml:name>Set-PSReadlineOption</maml:name>
			<command:parameter required="false" variableLength="false" globbing="false" pipelineInput="false" position="named">
				<maml:name>EditMode</maml:name>
				<maml:description>
					<maml:para>Specifies s the command line editing mode.  This will reset any key bindings set by Set-PSReadlineKeyHandler.</maml:para>
				</maml:description>
				<command:parameterValue required="true" variableLength="false">EditMode</command:parameterValue>
			</command:parameter>
		</command:syntaxItem>
		<command:syntaxItem>
			<maml:name>Set-PSReadlineOption</maml:name>
			<command:parameter required="false" variableLength="false" globbing="false" pipelineInput="false" position="named">
				<maml:name>ContinuationPrompt</maml:name>
				<maml:description>
					<maml:para>Specifies the string displayed at the beginning of the second and subsequent lines when multi-line input is being entered.  Defaults to &apos;&gt;&gt;&gt; &apos;.  The empty string is valid.</maml:para>
				</maml:description>
				<command:parameterValue required="true" variableLength="false">String</command:parameterValue>
			</command:parameter>
		</command:syntaxItem>
		<command:syntaxItem>
			<maml:name>Set-PSReadlineOption</maml:name>
			<command:parameter required="false" variableLength="false" globbing="false" pipelineInput="false" position="named">
				<maml:name>ContinuationPromptForegroundColor</maml:name>
				<maml:description>
					<maml:para>Specifies the foreground color of the continuation prompt.</maml:para>
				</maml:description>
				<command:parameterValue required="true" variableLength="false">ConsoleColor</command:parameterValue>
			</command:parameter>
		</command:syntaxItem>
		<command:syntaxItem>
			<maml:name>Set-PSReadlineOption</maml:name>
			<command:parameter required="false" variableLength="false" globbing="false" pipelineInput="false" position="named">
				<maml:name>ContinuationPromptBackgroundColor</maml:name>
				<maml:description>
					<maml:para>Specifies the background color of the continuation prompt.</maml:para>
				</maml:description>
				<command:parameterValue required="true" variableLength="false">ConsoleColor</command:parameterValue>
			</command:parameter>
		</command:syntaxItem>
		<command:syntaxItem>
			<maml:name>Set-PSReadlineOption</maml:name>
			<command:parameter required="false" variableLength="false" globbing="false" pipelineInput="false" position="named">
				<maml:name>HistoryNoDuplicates</maml:name>
				<maml:description>
					<maml:para>Specifies that duplicate commands should not be added to PSReadline history.</maml:para>
				</maml:description>
				<command:parameterValue required="false" variableLength="false">SwitchParameter</command:parameterValue>
			</command:parameter>
		</command:syntaxItem>
		<command:syntaxItem>
			<maml:name>Set-PSReadlineOption</maml:name>
			<command:parameter required="false" variableLength="true" globbing="false" pipelineInput="false" position="named">
				<maml:name>AddToHistoryHandler</maml:name>
				<maml:description>
					<maml:para>Specifies a ScriptBlock that can be used to control which commands get added to PSReadline history.</maml:para>
				</maml:description>
				<command:parameterValue required="true" variableLength="true">Func`2[Boolean]</command:parameterValue>
			</command:parameter>
		</command:syntaxItem>
		<command:syntaxItem>
			<maml:name>Set-PSReadlineOption</maml:name>
			<command:parameter required="false" variableLength="false" globbing="false" pipelineInput="false" position="named">
				<maml:name>HistorySearchCursorMovesToEnd</maml:name>
				<maml:description>
					<maml:para></maml:para>
				</maml:description>
				<command:parameterValue required="false" variableLength="false">SwitchParameter</command:parameterValue>
			</command:parameter>
		</command:syntaxItem>
		<command:syntaxItem>
			<maml:name>Set-PSReadlineOption</maml:name>
			<command:parameter required="false" variableLength="false" globbing="false" pipelineInput="false" position="named">
				<maml:name>MinimumHistoryCommandLength</maml:name>
				<maml:description>
					<maml:para>Specifies the minimum length command to save in PSReadline history.  Note that PSReadline history is separate from PowerShell history. </maml:para>
				</maml:description>
				<command:parameterValue required="true" variableLength="false">Int32</command:parameterValue>
			</command:parameter>
		</command:syntaxItem>
		<command:syntaxItem>
			<maml:name>Set-PSReadlineOption</maml:name>
			<command:parameter required="false" variableLength="false" globbing="false" pipelineInput="false" position="named">
				<maml:name>MaximumHistoryCount</maml:name>
				<maml:description>
					<maml:para>Specifies the maximum number of commands to save in PSReadline history.  Note that PSReadline history is separate from PowerShell history. </maml:para>
				</maml:description>
				<command:parameterValue required="true" variableLength="false">Int32</command:parameterValue>
			</command:parameter>
		</command:syntaxItem>
		<command:syntaxItem>
			<maml:name>Set-PSReadlineOption</maml:name>
			<command:parameter required="false" variableLength="false" globbing="false" pipelineInput="false" position="named">
				<maml:name>MaximumKillRingCount</maml:name>
				<maml:description>
					<maml:para>Specifies the maximum number of items stored in the kill ring.</maml:para>
				</maml:description>
				<command:parameterValue required="true" variableLength="false">Int32</command:parameterValue>
			</command:parameter>
		</command:syntaxItem>
		<command:syntaxItem>
			<maml:name>Set-PSReadlineOption</maml:name>
			<command:parameter required="false" variableLength="false" globbing="false" pipelineInput="false" position="named">
				<maml:name>ResetTokenColors</maml:name>
				<maml:description>
					<maml:para>Restore the token colors to the default settings.</maml:para>
				</maml:description>
				<command:parameterValue required="false" variableLength="false">SwitchParameter</command:parameterValue>
			</command:parameter>
		</command:syntaxItem>
		<command:syntaxItem>
			<maml:name>Set-PSReadlineOption</maml:name>
			<command:parameter required="false" variableLength="false" globbing="false" pipelineInput="false" position="named">
				<maml:name>ShowToolTips</maml:name>
				<maml:description>
					<maml:para>When using Bash style completion, show tooltips in the list of completions.</maml:para>
				</maml:description>
				<command:parameterValue required="false" variableLength="false">SwitchParameter</command:parameterValue>
			</command:parameter>
		</command:syntaxItem>
		<command:syntaxItem>
			<maml:name>Set-PSReadlineOption</maml:name>
			<command:parameter required="false" variableLength="false" globbing="false" pipelineInput="false" position="named">
				<maml:name>ExtraPromptLineCount</maml:name>
				<maml:description>
					<maml:para>Use this option if your prompt spans more than one line and you want the extra lines to appear when PSReadline displays the prompt after showing some output, e.g. when showing a list of completions.</maml:para>
				</maml:description>
				<command:parameterValue required="true" variableLength="false">Int32</command:parameterValue>
			</command:parameter>
		</command:syntaxItem>
		<command:syntaxItem>
			<maml:name>Set-PSReadlineOption</maml:name>
			<command:parameter required="false" variableLength="false" globbing="false" pipelineInput="false" position="named">
				<maml:name>DingTone</maml:name>
				<maml:description>
					<maml:para>When BellStyle is set to Audible, specifies the tone of the beep.</maml:para>
				</maml:description>
				<command:parameterValue required="true" variableLength="false">Int32</command:parameterValue>
			</command:parameter>
		</command:syntaxItem>
		<command:syntaxItem>
			<maml:name>Set-PSReadlineOption</maml:name>
			<command:parameter required="false" variableLength="false" globbing="false" pipelineInput="false" position="named">
				<maml:name>DingDuration</maml:name>
				<maml:description>
					<maml:para>When BellStyle is set to Audible, specifies the duration of the beep.</maml:para>
				</maml:description>
				<command:parameterValue required="true" variableLength="false">Int32</command:parameterValue>
			</command:parameter>
		</command:syntaxItem>
		<command:syntaxItem>
			<maml:name>Set-PSReadlineOption</maml:name>
			<command:parameter required="false" variableLength="false" globbing="false" pipelineInput="false" position="named">
				<maml:name>BellStyle</maml:name>
				<maml:description>
					<maml:para>Specifies how PSReadLine should respond to various error and ambiguous conditions.</maml:para>
				</maml:description>
				<command:parameterValue required="true" variableLength="false">BellStyle</command:parameterValue>
			</command:parameter>
		</command:syntaxItem>
		<command:syntaxItem>
			<maml:name>Set-PSReadlineOption</maml:name>
			<command:parameter required="true" variableLength="false" globbing="false" pipelineInput="false" position="0">
				<maml:name>TokenKind</maml:name>
				<maml:description>
					<maml:para>Specifies the kind of token when setting token coloring options with the -ForegroundColor and -BackgroundColor parameters.</maml:para>
				</maml:description>
				<command:parameterValue required="true" variableLength="false">TokenClassification</command:parameterValue>
			</command:parameter>
		</command:syntaxItem>
		<command:syntaxItem>
			<maml:name>Set-PSReadlineOption</maml:name>
			<command:parameter required="false" variableLength="false" globbing="false" pipelineInput="false" position="1">
				<maml:name>ForegroundColor</maml:name>
				<maml:description>
					<maml:para>Specifies the foreground color for the token kind specified by the parameter -TokenKind.</maml:para>
				</maml:description>
				<command:parameterValue required="true" variableLength="false">ConsoleColor</command:parameterValue>
			</command:parameter>
		</command:syntaxItem>
		<command:syntaxItem>
			<maml:name>Set-PSReadlineOption</maml:name>
			<command:parameter required="false" variableLength="false" globbing="false" pipelineInput="false" position="2">
				<maml:name>BackgroundColor</maml:name>
				<maml:description>
					<maml:para>Specifies the background color for the token kind specified by the parameter -TokenKind.</maml:para>
				</maml:description>
				<command:parameterValue required="true" variableLength="false">ConsoleColor</command:parameterValue>
			</command:parameter>
		</command:syntaxItem>
	</command:syntax>
	<command:parameters>
		<command:parameter required="false" variableLength="false" globbing="false" pipelineInput="false" position="named">
			<maml:name>EditMode</maml:name>
			<maml:description>
				<maml:para>Specifies s the command line editing mode.  This will reset any key bindings set by Set-PSReadlineKeyHandler.</maml:para>
			</maml:description>
			<command:parameterValue required="true" variableLength="false">EditMode</command:parameterValue>
			<dev:type>
				<maml:name>EditMode</maml:name>
				<maml:uri/>
			</dev:type>
			<dev:defaultValue></dev:defaultValue>
		</command:parameter>
		<command:parameter required="false" variableLength="false" globbing="false" pipelineInput="false" position="named">
			<maml:name>ContinuationPrompt</maml:name>
			<maml:description>
				<maml:para>Specifies the string displayed at the beginning of the second and subsequent lines when multi-line input is being entered.  Defaults to &apos;&gt;&gt;&gt; &apos;.  The empty string is valid.</maml:para>
			</maml:description>
			<command:parameterValue required="true" variableLength="false">String</command:parameterValue>
			<dev:type>
				<maml:name>String</maml:name>
				<maml:uri/>
			</dev:type>
			<dev:defaultValue></dev:defaultValue>
		</command:parameter>
		<command:parameter required="false" variableLength="false" globbing="false" pipelineInput="false" position="named">
			<maml:name>ContinuationPromptForegroundColor</maml:name>
			<maml:description>
				<maml:para>Specifies the foreground color of the continuation prompt.</maml:para>
			</maml:description>
			<command:parameterValue required="true" variableLength="false">ConsoleColor</command:parameterValue>
			<dev:type>
				<maml:name>ConsoleColor</maml:name>
				<maml:uri/>
			</dev:type>
			<dev:defaultValue></dev:defaultValue>
		</command:parameter>
		<command:parameter required="false" variableLength="false" globbing="false" pipelineInput="false" position="named">
			<maml:name>ContinuationPromptBackgroundColor</maml:name>
			<maml:description>
				<maml:para>Specifies the background color of the continuation prompt.</maml:para>
			</maml:description>
			<command:parameterValue required="true" variableLength="false">ConsoleColor</command:parameterValue>
			<dev:type>
				<maml:name>ConsoleColor</maml:name>
				<maml:uri/>
			</dev:type>
			<dev:defaultValue></dev:defaultValue>
		</command:parameter>
		<command:parameter required="false" variableLength="false" globbing="false" pipelineInput="false" position="named">
			<maml:name>HistoryNoDuplicates</maml:name>
			<maml:description>
				<maml:para>Specifies that duplicate commands should not be added to PSReadline history.</maml:para>
			</maml:description>
			<command:parameterValue required="false" variableLength="false">SwitchParameter</command:parameterValue>
			<dev:type>
				<maml:name>SwitchParameter</maml:name>
				<maml:uri/>
			</dev:type>
			<dev:defaultValue></dev:defaultValue>
		</command:parameter>
		<command:parameter required="false" variableLength="true" globbing="false" pipelineInput="false" position="named">
			<maml:name>AddToHistoryHandler</maml:name>
			<maml:description>
				<maml:para>Specifies a ScriptBlock that can be used to control which commands get added to PSReadline history.</maml:para>
			</maml:description>
			<command:parameterValue required="true" variableLength="true">Func`2[Boolean]</command:parameterValue>
			<dev:type>
				<maml:name>Func`2[Boolean]</maml:name>
				<maml:uri/>
			</dev:type>
			<dev:defaultValue></dev:defaultValue>
		</command:parameter>
		<command:parameter required="false" variableLength="false" globbing="false" pipelineInput="false" position="named">
			<maml:name>HistorySearchCursorMovesToEnd</maml:name>
			<maml:description>
				<maml:para></maml:para>
			</maml:description>
			<command:parameterValue required="false" variableLength="false">SwitchParameter</command:parameterValue>
			<dev:type>
				<maml:name>SwitchParameter</maml:name>
				<maml:uri/>
			</dev:type>
			<dev:defaultValue></dev:defaultValue>
		</command:parameter>
		<command:parameter required="false" variableLength="false" globbing="false" pipelineInput="false" position="named">
			<maml:name>MinimumHistoryCommandLength</maml:name>
			<maml:description>
				<maml:para>Specifies the minimum length command to save in PSReadline history.  Note that PSReadline history is separate from PowerShell history. </maml:para>
			</maml:description>
			<command:parameterValue required="true" variableLength="false">Int32</command:parameterValue>
			<dev:type>
				<maml:name>Int32</maml:name>
				<maml:uri/>
			</dev:type>
			<dev:defaultValue>3</dev:defaultValue>
		</command:parameter>
		<command:parameter required="false" variableLength="false" globbing="false" pipelineInput="false" position="named">
			<maml:name>MaximumHistoryCount</maml:name>
			<maml:description>
				<maml:para>Specifies the maximum number of commands to save in PSReadline history.  Note that PSReadline history is separate from PowerShell history. </maml:para>
			</maml:description>
			<command:parameterValue required="true" variableLength="false">Int32</command:parameterValue>
			<dev:type>
				<maml:name>Int32</maml:name>
				<maml:uri/>
			</dev:type>
			<dev:defaultValue></dev:defaultValue>
		</command:parameter>
		<command:parameter required="false" variableLength="false" globbing="false" pipelineInput="false" position="named">
			<maml:name>MaximumKillRingCount</maml:name>
			<maml:description>
				<maml:para>Specifies the maximum number of items stored in the kill ring.</maml:para>
			</maml:description>
			<command:parameterValue required="true" variableLength="false">Int32</command:parameterValue>
			<dev:type>
				<maml:name>Int32</maml:name>
				<maml:uri/>
			</dev:type>
			<dev:defaultValue></dev:defaultValue>
		</command:parameter>
		<command:parameter required="false" variableLength="false" globbing="false" pipelineInput="false" position="named">
			<maml:name>ResetTokenColors</maml:name>
			<maml:description>
				<maml:para>Restore the token colors to the default settings.</maml:para>
			</maml:description>
			<command:parameterValue required="false" variableLength="false">SwitchParameter</command:parameterValue>
			<dev:type>
				<maml:name>SwitchParameter</maml:name>
				<maml:uri/>
			</dev:type>
			<dev:defaultValue></dev:defaultValue>
		</command:parameter>
		<command:parameter required="false" variableLength="false" globbing="false" pipelineInput="false" position="named">
			<maml:name>ShowToolTips</maml:name>
			<maml:description>
				<maml:para>When using Bash style completion, show tooltips in the list of completions.</maml:para>
			</maml:description>
			<command:parameterValue required="false" variableLength="false">SwitchParameter</command:parameterValue>
			<dev:type>
				<maml:name>SwitchParameter</maml:name>
				<maml:uri/>
			</dev:type>
			<dev:defaultValue></dev:defaultValue>
		</command:parameter>
		<command:parameter required="false" variableLength="false" globbing="false" pipelineInput="false" position="named">
			<maml:name>ExtraPromptLineCount</maml:name>
			<maml:description>
				<maml:para>Use this option if your prompt spans more than one line and you want the extra lines to appear when PSReadline displays the prompt after showing some output, e.g. when showing a list of completions.</maml:para>
			</maml:description>
			<command:parameterValue required="true" variableLength="false">Int32</command:parameterValue>
			<dev:type>
				<maml:name>Int32</maml:name>
				<maml:uri/>
			</dev:type>
			<dev:defaultValue></dev:defaultValue>
		</command:parameter>
		<command:parameter required="false" variableLength="false" globbing="false" pipelineInput="false" position="named">
			<maml:name>DingTone</maml:name>
			<maml:description>
				<maml:para>When BellStyle is set to Audible, specifies the tone of the beep.</maml:para>
			</maml:description>
			<command:parameterValue required="true" variableLength="false">Int32</command:parameterValue>
			<dev:type>
				<maml:name>Int32</maml:name>
				<maml:uri/>
			</dev:type>
			<dev:defaultValue></dev:defaultValue>
		</command:parameter>
		<command:parameter required="false" variableLength="false" globbing="false" pipelineInput="false" position="named">
			<maml:name>DingDuration</maml:name>
			<maml:description>
				<maml:para>When BellStyle is set to Audible, specifies the duration of the beep.</maml:para>
			</maml:description>
			<command:parameterValue required="true" variableLength="false">Int32</command:parameterValue>
			<dev:type>
				<maml:name>Int32</maml:name>
				<maml:uri/>
			</dev:type>
			<dev:defaultValue></dev:defaultValue>
		</command:parameter>
		<command:parameter required="false" variableLength="false" globbing="false" pipelineInput="false" position="named">
			<maml:name>BellStyle</maml:name>
			<maml:description>
				<maml:para>Specifies how PSReadLine should respond to various error and ambiguous conditions.</maml:para>
			</maml:description>
			<command:parameterValue required="true" variableLength="false">BellStyle</command:parameterValue>
			<dev:type>
				<maml:name>BellStyle</maml:name>
				<maml:uri/>
			</dev:type>
			<dev:defaultValue></dev:defaultValue>
		</command:parameter>
		<command:parameter required="true" variableLength="false" globbing="false" pipelineInput="false" position="0">
			<maml:name>TokenKind</maml:name>
			<maml:description>
				<maml:para>Specifies the kind of token when setting token coloring options with the -ForegroundColor and -BackgroundColor parameters.</maml:para>
			</maml:description>
			<command:parameterValue required="true" variableLength="false">TokenClassification</command:parameterValue>
			<dev:type>
				<maml:name>TokenClassification</maml:name>
				<maml:uri/>
			</dev:type>
			<dev:defaultValue></dev:defaultValue>
		</command:parameter>
		<command:parameter required="false" variableLength="false" globbing="false" pipelineInput="false" position="1">
			<maml:name>ForegroundColor</maml:name>
			<maml:description>
				<maml:para>Specifies the foreground color for the token kind specified by the parameter -TokenKind.</maml:para>
			</maml:description>
			<command:parameterValue required="true" variableLength="false">ConsoleColor</command:parameterValue>
			<dev:type>
				<maml:name>ConsoleColor</maml:name>
				<maml:uri/>
			</dev:type>
			<dev:defaultValue></dev:defaultValue>
		</command:parameter>
		<command:parameter required="false" variableLength="false" globbing="false" pipelineInput="false" position="2">
			<maml:name>BackgroundColor</maml:name>
			<maml:description>
				<maml:para>Specifies the background color for the token kind specified by the parameter -TokenKind.</maml:para>
			</maml:description>
			<command:parameterValue required="true" variableLength="false">ConsoleColor</command:parameterValue>
			<dev:type>
				<maml:name>ConsoleColor</maml:name>
				<maml:uri/>
			</dev:type>
			<dev:defaultValue></dev:defaultValue>
		</command:parameter>
	</command:parameters>
	<command:inputTypes>
		<command:inputType>
			<dev:type>
				<maml:name></maml:name>
				<maml:uri/>
				<maml:description>
					<maml:para></maml:para>
				</maml:description>
			</dev:type>
			<maml:description></maml:description>
		</command:inputType>
	</command:inputTypes>
	<command:returnValues>
		<command:returnValue>
			<dev:type>
				<maml:name></maml:name>
				<maml:uri/>
				<maml:description>
					<maml:para></maml:para>
				</maml:description>
			</dev:type>
			<maml:description></maml:description>
	</command:returnValue>
		</command:returnValues>
	<command:terminatingErrors></command:terminatingErrors>
	<command:nonTerminatingErrors></command:nonTerminatingErrors>
	<maml:alertSet>
		<maml:title></maml:title>
		<maml:alert>
			<maml:para></maml:para>
		</maml:alert>
	</maml:alertSet>
	<command:examples>
	</command:examples>
	<maml:relatedLinks>
	</maml:relatedLinks>
</command:command>
</helpItems>